feature,importance
consecutive_migraine_days,2878.202880859375
step_count_normalized,716.6358032226562
days_since_last_migraine,650.3622436523438
stress_intensity,0.0
sun_irr_mean,0.0
temp_mean,0.0
wind_mean,0.0
pressure_mean,0.0
cloud_mean,0.0
precip_total,0.0
sun_time_mean,0.0
stress,0.0
weather,0.0
food,0.0
sleep,0.0
hormonal,0.0
physical,0.0
sensory,0.0
screen_brightness_normalized,0.0
stress_sleep_interaction,0.0
weather_pressure_interaction,0.0
trigger_aggregate,0.0
stress_trigger_interaction,0.0
pressure_temp_interaction,0.0
