{"learner":{"attributes":{"best_iteration":"22","best_score":"0.67600638230443"},"feature_names":["stress_intensity","temp_mean","wind_mean","pressure_mean","sun_irr_mean","sun_time_mean","precip_total","cloud_mean","stress","hormonal","sleep","weather","food","sensory","physical","consecutive_migraine_days","days_since_last_migraine","step_count_normalized","screen_brightness_normalized","stress_sleep_interaction","weather_pressure_interaction","trigger_aggregate","stress_trigger_interaction","pressure_temp_interaction"],"feature_types":["float","float","float","float","float","float","float","float","float","float","float","float","float","float","float","float","float","float","float","float","float","float","float","float"],"gradient_booster":{"model":{"cats":{"enc":[],"feature_segments":[],"sorted_idx":[]},"gbtree_model_param":{"num_parallel_tree":"1","num_trees":"28"},"iteration_indptr":[0,1,2,3,4,5,6,7,8,9,10,11,12,13,14,15,16,17,18,19,20,21,22,23,24,25,26,27,28],"tree_info":[0,0,0,0,0,0,0,0,0,0,0,0,0,0,0,0,0,0,0,0,0,0,0,0,0,0,0,0],"trees":[{"base_weights":[-0E0,-7.2389054E-1,1.2012343E-2,-0E0,-1.0186517E-2],"categories":[],"categories_nodes":[],"categories_segments":[],"categories_sizes":[],"default_left":[0,0,0,0,0],"id":0,"left_children":[1,3,-1,-1,-1],"loss_changes":[3.8237056E3,5.8188196E2,0E0,0E0,0E0],"parents":[2147483647,0,0,1,1],"right_children":[2,4,-1,-1,-1],"split_conditions":[1.0392664E1,1.0598093E0,1.2012343E-2,-0E0,-1.0186517E-2],"split_indices":[15,16,0,0,0],"split_type":[0,0,0,0,0],"sum_hessian":[3.7440137E3,2.3601655E3,1.383848E3,7.560042E2,1.6041614E3],"tree_param":{"num_deleted":"0","num_feature":"24","num_nodes":"5","size_leaf_vector":"1"}},{"base_weights":[-0E0],"categories":[],"categories_nodes":[],"categories_segments":[],"categories_sizes":[],"default_left":[0],"id":1,"left_children":[-1],"loss_changes":[0E0],"parents":[2147483647],"right_children":[-1],"split_conditions":[-0E0],"split_indices":[0],"split_type":[0],"sum_hessian":[3.775662E3],"tree_param":{"num_deleted":"0","num_feature":"24","num_nodes":"1","size_leaf_vector":"1"}},{"base_weights":[-0E0,-5.9958994E-1,6.8314723E-3,-7.4989595E-3,-0E0],"categories":[],"categories_nodes":[],"categories_segments":[],"categories_sizes":[],"default_left":[0,0,0,0,0],"id":2,"left_children":[1,3,-1,-1,-1],"loss_changes":[1.7888779E3,1.5662622E2,0E0,0E0,0E0],"parents":[2147483647,0,0,1,1],"right_children":[2,4,-1,-1,-1],"split_conditions":[7.311982E-1,5.347032E-1,6.8314723E-3,-7.4989595E-3,-0E0],"split_indices":[17,17,0,0,0],"split_type":[0,0,0,0,0],"sum_hessian":[3.777158E3,2.0688542E3,1.7083038E3,1.4929391E3,5.7591504E2],"tree_param":{"num_deleted":"0","num_feature":"24","num_nodes":"5","size_leaf_vector":"1"}},{"base_weights":[-0E0,4.957361E-1,-8.101979E-3,5.7505677E-3,-0E0],"categories":[],"categories_nodes":[],"categories_segments":[],"categories_sizes":[],"default_left":[0,0,0,0,0],"id":3,"left_children":[1,3,-1,-1,-1],"loss_changes":[1.757345E3,9.213165E1,0E0,0E0,0E0],"parents":[2147483647,0,0,1,1],"right_children":[2,4,-1,-1,-1],"split_conditions":[4.4560313E0,2.7395713E0,-8.101979E-3,5.7505677E-3,-0E0],"split_indices":[16,16,0,0,0],"split_type":[0,0,0,0,0],"sum_hessian":[3.760828E3,2.3912175E3,1.3696104E3,1.9785968E3,4.126208E2],"tree_param":{"num_deleted":"0","num_feature":"24","num_nodes":"5","size_leaf_vector":"1"}},{"base_weights":[-0E0],"categories":[],"categories_nodes":[],"categories_segments":[],"categories_sizes":[],"default_left":[0],"id":4,"left_children":[-1],"loss_changes":[0E0],"parents":[2147483647],"right_children":[-1],"split_conditions":[-0E0],"split_indices":[0],"split_type":[0],"sum_hessian":[3.7407026E3],"tree_param":{"num_deleted":"0","num_feature":"24","num_nodes":"1","size_leaf_vector":"1"}},{"base_weights":[-0E0,4.8718342E-1,-7.6044123E-3,5.5134455E-3,-0E0],"categories":[],"categories_nodes":[],"categories_segments":[],"categories_sizes":[],"default_left":[0,0,0,0,0],"id":5,"left_children":[1,3,-1,-1,-1],"loss_changes":[1.6257723E3,8.4065125E1,0E0,0E0,0E0],"parents":[2147483647,0,0,1,1],"right_children":[2,4,-1,-1,-1],"split_conditions":[4.2560163E0,2.9574575E0,-7.6044123E-3,5.5134455E-3,-0E0],"split_indices":[16,16,0,0,0],"split_type":[0,0,0,0,0],"sum_hessian":[3.7589587E3,2.3248918E3,1.4340669E3,2.0260586E3,2.9883334E2],"tree_param":{"num_deleted":"0","num_feature":"24","num_nodes":"5","size_leaf_vector":"1"}},{"base_weights":[-0E0,-5.916706E-1,6.8502724E-1,-7.16614E-3,-0E0,-0E0,7.3844246E-3],"categories":[],"categories_nodes":[],"categories_segments":[],"categories_sizes":[],"default_left":[0,0,0,0,0,0,0],"id":6,"left_children":[1,3,5,-1,-1,-1,-1],"loss_changes":[1.7608503E3,1.18128174E2,4.7348816E1,0E0,0E0,0E0,0E0],"parents":[2147483647,0,0,1,1,2,2],"right_children":[2,4,6,-1,-1,-1,-1],"split_conditions":[7.2667867E-1,5.511473E-1,7.98826E-1,-7.16614E-3,-0E0,-0E0,7.3844246E-3],"split_indices":[17,17,17,0,0,0,0],"split_type":[0,0,0,0,0,0,0],"sum_hessian":[3.7367822E3,2.0008827E3,1.7358995E3,1.4985265E3,5.0235614E2,1.9704982E2,1.5388497E3],"tree_param":{"num_deleted":"0","num_feature":"24","num_nodes":"7","size_leaf_vector":"1"}},{"base_weights":[-0E0],"categories":[],"categories_nodes":[],"categories_segments":[],"categories_sizes":[],"default_left":[0],"id":7,"left_children":[-1],"loss_changes":[0E0],"parents":[2147483647],"right_children":[-1],"split_conditions":[-0E0],"split_indices":[0],"split_type":[0],"sum_hessian":[3.7726042E3],"tree_param":{"num_deleted":"0","num_feature":"24","num_nodes":"1","size_leaf_vector":"1"}},{"base_weights":[-0E0,-7.2614527E-1,1.1901712E0,-1.0012299E-2,-0E0,-0E0,1.2707949E-2],"categories":[],"categories_nodes":[],"categories_segments":[],"categories_sizes":[],"default_left":[0,0,0,0,0,0,0],"id":8,"left_children":[1,3,5,-1,-1,-1,-1],"loss_changes":[3.8051704E3,7.246008E2,5.6090576E1,0E0,0E0,0E0,0E0],"parents":[2147483647,0,0,1,1,2,2],"right_children":[2,4,6,-1,-1,-1,-1],"split_conditions":[1.02192955E1,9.1869354E-1,1.2726711E1,-1.0012299E-2,-0E0,-0E0,1.2707949E-2],"split_indices":[15,17,15,0,0,0,0],"split_type":[0,0,0,0,0,0,0],"sum_hessian":[3.7473594E3,2.3460222E3,1.4013372E3,1.8146095E3,5.314127E2,1.7429655E2,1.2270406E3],"tree_param":{"num_deleted":"0","num_feature":"24","num_nodes":"7","size_leaf_vector":"1"}},{"base_weights":[-0E0,-7.449292E-1,1.2130994E-2,-1.0322071E-2,-0E0],"categories":[],"categories_nodes":[],"categories_segments":[],"categories_sizes":[],"default_left":[0,0,0,0,0],"id":9,"left_children":[1,3,-1,-1,-1],"loss_changes":[3.9424248E3,7.486212E2,0E0,0E0,0E0],"parents":[2147483647,0,0,1,1],"right_children":[2,4,-1,-1,-1],"split_conditions":[1.0968389E1,8.6966896E-1,1.2130994E-2,-1.0322071E-2,-0E0],"split_indices":[15,17,0,0,0],"split_type":[0,0,0,0,0],"sum_hessian":[3.7823745E3,2.434535E3,1.3478395E3,1.8268616E3,6.076734E2],"tree_param":{"num_deleted":"0","num_feature":"24","num_nodes":"5","size_leaf_vector":"1"}},{"base_weights":[-0E0,-5.505657E-1,6.496304E-1,-6.9785393E-3,-0E0,-0E0,7.1651596E-3],"categories":[],"categories_nodes":[],"categories_segments":[],"categories_sizes":[],"default_left":[0,0,0,0,0,0,0],"id":10,"left_children":[1,3,5,-1,-1,-1,-1],"loss_changes":[1.5587205E3,1.1979315E2,4.4724304E1,0E0,0E0,0E0,0E0],"parents":[2147483647,0,0,1,1,2,2],"right_children":[2,4,6,-1,-1,-1,-1],"split_conditions":[7.147607E-1,5.046215E-1,8.1484544E-1,-6.9785393E-3,-0E0,-0E0,7.1651596E-3],"split_indices":[17,17,17,0,0,0,0],"split_type":[0,0,0,0,0,0,0],"sum_hessian":[3.73701E3,1.984186E3,1.7528239E3,1.3677236E3,6.1646246E2,2.78252E2,1.4745719E3],"tree_param":{"num_deleted":"0","num_feature":"24","num_nodes":"7","size_leaf_vector":"1"}},{"base_weights":[-0E0,-7.410324E-1,1.129662E0,-1.0067975E-2,-0E0,-0E0,1.239222E-2],"categories":[],"categories_nodes":[],"categories_segments":[],"categories_sizes":[],"default_left":[0,0,0,0,0,0,0],"id":11,"left_children":[1,3,5,-1,-1,-1,-1],"loss_changes":[3.6573706E3,6.7806714E2,9.996509E1,0E0,0E0,0E0,0E0],"parents":[2147483647,0,0,1,1,2,2],"right_children":[2,4,6,-1,-1,-1,-1],"split_conditions":[9.510273E0,9.1869354E-1,1.2726711E1,-1.0067975E-2,-0E0,-0E0,1.239222E-2],"split_indices":[15,17,15,0,0,0,0],"split_type":[0,0,0,0,0,0,0],"sum_hessian":[3.7426343E3,2.2920273E3,1.4506069E3,1.7731447E3,5.1888275E2,2.3076465E2,1.2198423E3],"tree_param":{"num_deleted":"0","num_feature":"24","num_nodes":"7","size_leaf_vector":"1"}},{"base_weights":[-0E0,4.860093E-1,-7.603183E-1,5.829679E-3,-0E0,-0E0,-8.587505E-3],"categories":[],"categories_nodes":[],"categories_segments":[],"categories_sizes":[],"default_left":[0,0,0,0,0,0,0],"id":12,"left_children":[1,3,5,-1,-1,-1,-1],"loss_changes":[1.6084084E3,1.0649866E2,5.8168274E1,0E0,0E0,0E0,0E0],"parents":[2147483647,0,0,1,1,2,2],"right_children":[2,4,6,-1,-1,-1,-1],"split_conditions":[4.4018927E0,2.2721076E0,5.762943E0,5.829679E-3,-0E0,-0E0,-8.587505E-3],"split_indices":[16,16,16,0,0,0,0],"split_type":[0,0,0,0,0,0,0],"sum_hessian":[3.7514797E3,2.3533142E3,1.3981656E3,1.8574857E3,4.9582843E2,2.881081E2,1.1100575E3],"tree_param":{"num_deleted":"0","num_feature":"24","num_nodes":"7","size_leaf_vector":"1"}},{"base_weights":[-0E0,-5.660154E-1,6.3484836E-1,-7.247765E-3,-0E0,-0E0,7.5387266E-3],"categories":[],"categories_nodes":[],"categories_segments":[],"categories_sizes":[],"default_left":[0,0,0,0,0,0,0],"id":13,"left_children":[1,3,5,-1,-1,-1,-1],"loss_changes":[1.5616987E3,1.3429175E2,6.566815E1,0E0,0E0,0E0,0E0],"parents":[2147483647,0,0,1,1,2,2],"right_children":[2,4,6,-1,-1,-1,-1],"split_conditions":[7.2667867E-1,5.046215E-1,8.9686066E-1,-7.247765E-3,-0E0,-0E0,7.5387266E-3],"split_indices":[17,17,17,0,0,0,0],"split_type":[0,0,0,0,0,0,0],"sum_hessian":[3.7531023E3,2.0317825E3,1.7213198E3,1.3777676E3,6.540149E2,4.7233426E2,1.2489856E3],"tree_param":{"num_deleted":"0","num_feature":"24","num_nodes":"7","size_leaf_vector":"1"}},{"base_weights":[-0E0],"categories":[],"categories_nodes":[],"categories_segments":[],"categories_sizes":[],"default_left":[0],"id":14,"left_children":[-1],"loss_changes":[0E0],"parents":[2147483647],"right_children":[-1],"split_conditions":[-0E0],"split_indices":[0],"split_type":[0],"sum_hessian":[3.7628613E3],"tree_param":{"num_deleted":"0","num_feature":"24","num_nodes":"1","size_leaf_vector":"1"}},{"base_weights":[-0E0],"categories":[],"categories_nodes":[],"categories_segments":[],"categories_sizes":[],"default_left":[0],"id":15,"left_children":[-1],"loss_changes":[0E0],"parents":[2147483647],"right_children":[-1],"split_conditions":[-0E0],"split_indices":[0],"split_type":[0],"sum_hessian":[3.7935435E3],"tree_param":{"num_deleted":"0","num_feature":"24","num_nodes":"1","size_leaf_vector":"1"}},{"base_weights":[-0E0,-7.2101605E-1,1.1445059E-2,-0E0,-9.711029E-3],"categories":[],"categories_nodes":[],"categories_segments":[],"categories_sizes":[],"default_left":[0,0,0,0,0],"id":16,"left_children":[1,3,-1,-1,-1],"loss_changes":[3.6098787E3,4.9729456E2,0E0,0E0,0E0],"parents":[2147483647,0,0,1,1],"right_children":[2,4,-1,-1,-1],"split_conditions":[1.02192955E1,5.437391E-1,1.1445059E-2,-0E0,-9.711029E-3],"split_indices":[15,16,0,0,0],"split_type":[0,0,0,0,0],"sum_hessian":[3.7610886E3,2.361526E3,1.3995627E3,6.669926E2,1.6945333E3],"tree_param":{"num_deleted":"0","num_feature":"24","num_nodes":"5","size_leaf_vector":"1"}},{"base_weights":[-0E0],"categories":[],"categories_nodes":[],"categories_segments":[],"categories_sizes":[],"default_left":[0],"id":17,"left_children":[-1],"loss_changes":[0E0],"parents":[2147483647],"right_children":[-1],"split_conditions":[-0E0],"split_indices":[0],"split_type":[0],"sum_hessian":[3.7240798E3],"tree_param":{"num_deleted":"0","num_feature":"24","num_nodes":"1","size_leaf_vector":"1"}},{"base_weights":[-0E0,-5.603968E-1,6.6271126E-3,-6.8935775E-3,-0E0],"categories":[],"categories_nodes":[],"categories_segments":[],"categories_sizes":[],"default_left":[0,0,0,0,0],"id":18,"left_children":[1,3,-1,-1,-1],"loss_changes":[1.62303E3,1.3465839E2,0E0,0E0,0E0],"parents":[2147483647,0,0,1,1],"right_children":[2,4,-1,-1,-1],"split_conditions":[7.2667867E-1,5.511473E-1,6.6271126E-3,-6.8935775E-3,-0E0],"split_indices":[17,17,0,0,0],"split_type":[0,0,0,0,0],"sum_hessian":[3.7647732E3,2.048684E3,1.7160892E3,1.5354877E3,5.131963E2],"tree_param":{"num_deleted":"0","num_feature":"24","num_nodes":"5","size_leaf_vector":"1"}},{"base_weights":[-0E0,-6.842024E-1,1.1544223E-2,-0E0,-9.506542E-3],"categories":[],"categories_nodes":[],"categories_segments":[],"categories_sizes":[],"default_left":[0,0,0,0,0],"id":19,"left_children":[1,3,-1,-1,-1],"loss_changes":[3.435727E3,5.452023E2,0E0,0E0,0E0],"parents":[2147483647,0,0,1,1],"right_children":[2,4,-1,-1,-1],"split_conditions":[1.0968389E1,6.0511535E-1,1.1544223E-2,-0E0,-9.506542E-3],"split_indices":[15,16,0,0,0],"split_type":[0,0,0,0,0],"sum_hessian":[3.7417385E3,2.4186934E3,1.323045E3,7.0715826E2,1.7115352E3],"tree_param":{"num_deleted":"0","num_feature":"24","num_nodes":"5","size_leaf_vector":"1"}},{"base_weights":[-0E0],"categories":[],"categories_nodes":[],"categories_segments":[],"categories_sizes":[],"default_left":[0],"id":20,"left_children":[-1],"loss_changes":[0E0],"parents":[2147483647],"right_children":[-1],"split_conditions":[-0E0],"split_indices":[0],"split_type":[0],"sum_hessian":[3.7345532E3],"tree_param":{"num_deleted":"0","num_feature":"24","num_nodes":"1","size_leaf_vector":"1"}},{"base_weights":[-0E0],"categories":[],"categories_nodes":[],"categories_segments":[],"categories_sizes":[],"default_left":[0],"id":21,"left_children":[-1],"loss_changes":[0E0],"parents":[2147483647],"right_children":[-1],"split_conditions":[-0E0],"split_indices":[0],"split_type":[0],"sum_hessian":[3.7784417E3],"tree_param":{"num_deleted":"0","num_feature":"24","num_nodes":"1","size_leaf_vector":"1"}},{"base_weights":[-0E0,-7.3537207E-1,1.0859145E0,-0E0,-9.748828E-3,1.1660372E-2,-0E0],"categories":[],"categories_nodes":[],"categories_segments":[],"categories_sizes":[],"default_left":[0,0,0,0,0,0,0],"id":22,"left_children":[1,3,5,-1,-1,-1,-1],"loss_changes":[3.4734937E3,4.544342E2,1.07778076E2,0E0,0E0,0E0,0E0],"parents":[2147483647,0,0,1,1,2,2],"right_children":[2,4,6,-1,-1,-1,-1],"split_conditions":[9.510273E0,6.0511535E-1,6.51958E0,-0E0,-9.748828E-3,1.1660372E-2,-0E0],"split_indices":[15,16,16,0,0,0,0],"split_type":[0,0,0,0,0,0,0],"sum_hessian":[3.7532205E3,2.2998892E3,1.4533313E3,6.424097E2,1.6574794E3,1.2999232E3,1.53408E2],"tree_param":{"num_deleted":"0","num_feature":"24","num_nodes":"7","size_leaf_vector":"1"}},{"base_weights":[-0E0],"categories":[],"categories_nodes":[],"categories_segments":[],"categories_sizes":[],"default_left":[0],"id":23,"left_children":[-1],"loss_changes":[0E0],"parents":[2147483647],"right_children":[-1],"split_conditions":[-0E0],"split_indices":[0],"split_type":[0],"sum_hessian":[3.7650818E3],"tree_param":{"num_deleted":"0","num_feature":"24","num_nodes":"1","size_leaf_vector":"1"}},{"base_weights":[-0E0,-5.2381307E-1,6.3643553E-3,-6.928507E-3,-0E0],"categories":[],"categories_nodes":[],"categories_segments":[],"categories_sizes":[],"default_left":[0,0,0,0,0],"id":24,"left_children":[1,3,-1,-1,-1],"loss_changes":[1.4655602E3,1.6817828E2,0E0,0E0,0E0],"parents":[2147483647,0,0,1,1],"right_children":[2,4,-1,-1,-1],"split_conditions":[7.2667867E-1,5.046215E-1,6.3643553E-3,-6.928507E-3,-0E0],"split_indices":[17,17,0,0,0],"split_type":[0,0,0,0,0],"sum_hessian":[3.765046E3,2.0150099E3,1.7500359E3,1.3735427E3,6.414672E2],"tree_param":{"num_deleted":"0","num_feature":"24","num_nodes":"5","size_leaf_vector":"1"}},{"base_weights":[-0E0],"categories":[],"categories_nodes":[],"categories_segments":[],"categories_sizes":[],"default_left":[0],"id":25,"left_children":[-1],"loss_changes":[0E0],"parents":[2147483647],"right_children":[-1],"split_conditions":[-0E0],"split_indices":[0],"split_type":[0],"sum_hessian":[3.739714E3],"tree_param":{"num_deleted":"0","num_feature":"24","num_nodes":"1","size_leaf_vector":"1"}},{"base_weights":[-0E0],"categories":[],"categories_nodes":[],"categories_segments":[],"categories_sizes":[],"default_left":[0],"id":26,"left_children":[-1],"loss_changes":[0E0],"parents":[2147483647],"right_children":[-1],"split_conditions":[-0E0],"split_indices":[0],"split_type":[0],"sum_hessian":[3.7286619E3],"tree_param":{"num_deleted":"0","num_feature":"24","num_nodes":"1","size_leaf_vector":"1"}},{"base_weights":[-0E0,4.663609E-1,-7.4305013E-3,5.367293E-3,-0E0],"categories":[],"categories_nodes":[],"categories_segments":[],"categories_sizes":[],"default_left":[0,0,0,0,0],"id":27,"left_children":[1,3,-1,-1,-1],"loss_changes":[1.5028262E3,8.326428E1,0E0,0E0,0E0],"parents":[2147483647,0,0,1,1],"right_children":[2,4,-1,-1,-1],"split_conditions":[4.4560313E0,2.907176E0,-7.4305013E-3,5.367293E-3,-0E0],"split_indices":[16,16,0,0,0],"split_type":[0,0,0,0,0],"sum_hessian":[3.7146653E3,2.3279753E3,1.3866898E3,1.973094E3,3.5488135E2],"tree_param":{"num_deleted":"0","num_feature":"24","num_nodes":"5","size_leaf_vector":"1"}}]},"name":"gbtree"},"learner_model_param":{"base_score":"[5E-1]","boost_from_average":"1","num_class":"0","num_feature":"24","num_target":"1"},"objective":{"name":"binary:logistic","reg_loss_param":{"scale_pos_weight":"1.00066686"}}},"version":[3,1,1]}