{
  "hyperparameters": {
    "objective": "binary:logistic",
    "eval_metric": "logloss",
    "tree_method": "hist",
    "random_state": 42,
    "n_jobs": -1,
    "learning_rate": 0.01,
    "max_depth": 2,
    "min_child_weight": 150,
    "subsample": 0.5,
    "colsample_bytree": 0.3,
    "reg_alpha": 300,
    "reg_lambda": 300,
    "gamma": 40,
    "scale_pos_weight": 1.0006668889629877
  },
  "metrics": {
    "roc_auc": 0.9514212008694842,
    "log_loss": 0.6763842421709562,
    "brier_score": 0.24162136549272656,
    "precision": 0.4710928757926147,
    "recall": 0.9218978102189781,
    "f1_score": 0.6235497408047396,
    "accuracy": 0.8475,
    "unique_probabilities": 64,
    "probability_range": 0.05202370882034302,
    "tn": 7212.0,
    "fp": 1418.0,
    "fn": 107.0,
    "tp": 1263.0
  },
  "confusion_matrix": [
    [
      7212,
      1418
    ],
    [
      107,
      1263
    ]
  ],
  "feature_count": 24,
  "training_timestamp": "2025-11-21T16:00:28.054462",
  "model_type": "XGBoost",
  "objective": "binary:logistic"
}